Title,Rating,Poster
The Shawshank Redemption,9.2,"https://m.media-amazon.com/images/M/MV5BMDFkYTc0MGEtZmNhMC00ZDIzLWFmNTEtODM1ZmRlYWMwMWFmXkEyXkFqcGdeQXVyMTMxODk2OTU@._V1_UY67_CR0,0,45,67_AL_.jpg"
The Godfather,9.1,"https://m.media-amazon.com/images/M/MV5BM2MyNjYxNmUtYTAwNi00MTYxLWJmNWYtYzZlODY3ZTk3OTFlXkEyXkFqcGdeQXVyNzkwMjQ5NzM@._V1_UY67_CR1,0,45,67_AL_.jpg"
The Godfather: Part II,9.0,"https://m.media-amazon.com/images/M/MV5BMWMwMGQzZTItY2JlNC00OWZiLWIyMDctNDk2ZDQ2YjRjMWQ0XkEyXkFqcGdeQXVyNzkwMjQ5NzM@._V1_UY67_CR1,0,45,67_AL_.jpg"
The Dark Knight,9.0,"https://m.media-amazon.com/images/M/MV5BMTMxNTMwODM0NF5BMl5BanBnXkFtZTcwODAyMTk2Mw@@._V1_UY67_CR0,0,45,67_AL_.jpg"
12 Angry Men,8.9,"https://m.media-amazon.com/images/M/MV5BMWU4N2FjNzYtNTVkNC00NzQ0LTg0MjAtYTJlMjFhNGUxZDFmXkEyXkFqcGdeQXVyNjc1NTYyMjg@._V1_UX45_CR0,0,45,67_AL_.jpg"
Schindler's List,8.9,"https://m.media-amazon.com/images/M/MV5BNDE4OTMxMTctNmRhYy00NWE2LTg3YzItYTk3M2UwOTU5Njg4XkEyXkFqcGdeQXVyNjU0OTQ0OTY@._V1_UX45_CR0,0,45,67_AL_.jpg"
The Lord of the Rings: The Return of the King,8.9,"https://m.media-amazon.com/images/M/MV5BNzA5ZDNlZWMtM2NhNS00NDJjLTk4NDItYTRmY2EwMWZlMTY3XkEyXkFqcGdeQXVyNzkwMjQ5NzM@._V1_UY67_CR0,0,45,67_AL_.jpg"
Pulp Fiction,8.9,"https://m.media-amazon.com/images/M/MV5BNGNhMDIzZTUtNTBlZi00MTRlLWFjM2ItYzViMjE3YzI5MjljXkEyXkFqcGdeQXVyNzkwMjQ5NzM@._V1_UY67_CR0,0,45,67_AL_.jpg"
"Il buono, il brutto, il cattivo",8.8,"https://m.media-amazon.com/images/M/MV5BOTQ5NDI3MTI4MF5BMl5BanBnXkFtZTgwNDQ4ODE5MDE@._V1_UX45_CR0,0,45,67_AL_.jpg"
The Lord of the Rings: The Fellowship of the Ring,8.8,"https://m.media-amazon.com/images/M/MV5BN2EyZjM3NzUtNWUzMi00MTgxLWI0NTctMzY4M2VlOTdjZWRiXkEyXkFqcGdeQXVyNDUzOTQ5MjY@._V1_UY67_CR0,0,45,67_AL_.jpg"
Fight Club,8.8,"https://m.media-amazon.com/images/M/MV5BMmEzNTkxYjQtZTc0MC00YTVjLTg5ZTEtZWMwOWVlYzY0NWIwXkEyXkFqcGdeQXVyNzkwMjQ5NzM@._V1_UX45_CR0,0,45,67_AL_.jpg"
Forrest Gump,8.8,"https://m.media-amazon.com/images/M/MV5BNWIwODRlZTUtY2U3ZS00Yzg1LWJhNzYtMmZiYmEyNmU1NjMzXkEyXkFqcGdeQXVyMTQxNzMzNDI@._V1_UY67_CR0,0,45,67_AL_.jpg"
Inception,8.7,"https://m.media-amazon.com/images/M/MV5BMjAxMzY3NjcxNF5BMl5BanBnXkFtZTcwNTI5OTM0Mw@@._V1_UY67_CR0,0,45,67_AL_.jpg"
Star Wars: Episode V - The Empire Strikes Back,8.7,"https://m.media-amazon.com/images/M/MV5BYmU1NDRjNDgtMzhiMi00NjZmLTg5NGItZDNiZjU5NTU4OTE0XkEyXkFqcGdeQXVyNzkwMjQ5NzM@._V1_UX45_CR0,0,45,67_AL_.jpg"
The Lord of the Rings: The Two Towers,8.7,"https://m.media-amazon.com/images/M/MV5BNGE5MzIyNTAtNWFlMC00NDA2LWJiMjItMjc4Yjg1OWM5NzhhXkEyXkFqcGdeQXVyNzkwMjQ5NzM@._V1_UY67_CR0,0,45,67_AL_.jpg"
The Matrix,8.6,"https://m.media-amazon.com/images/M/MV5BNzQzOTk3OTAtNDQ0Zi00ZTVkLWI0MTEtMDllZjNkYzNjNTc4L2ltYWdlXkEyXkFqcGdeQXVyNjU0OTQ0OTY@._V1_UX45_CR0,0,45,67_AL_.jpg"
Goodfellas,8.6,"https://m.media-amazon.com/images/M/MV5BY2NkZjEzMDgtN2RjYy00YzM1LWI4ZmQtMjIwYjFjNmI3ZGEwXkEyXkFqcGdeQXVyNzkwMjQ5NzM@._V1_UX45_CR0,0,45,67_AL_.jpg"
One Flew Over the Cuckoo's Nest,8.6,"https://m.media-amazon.com/images/M/MV5BZjA0OWVhOTAtYWQxNi00YzNhLWI4ZjYtNjFjZTEyYjJlNDVlL2ltYWdlL2ltYWdlXkEyXkFqcGdeQXVyMTQxNzMzNDI@._V1_UY67_CR0,0,45,67_AL_.jpg"
Shichinin no samurai,8.6,"https://m.media-amazon.com/images/M/MV5BODdlYjU1Y2MtMWUxMy00YjJjLTgyMWItNzgzZmZkNTYxNWFkXkEyXkFqcGdeQXVyMTAwMjU1MzA2._V1_UX45_CR0,0,45,67_AL_.jpg"
Se7en,8.6,"https://m.media-amazon.com/images/M/MV5BOTUwODM5MTctZjczMi00OTk4LTg3NWUtNmVhMTAzNTNjYjcyXkEyXkFqcGdeQXVyNjU0OTQ0OTY@._V1_UX45_CR0,0,45,67_AL_.jpg"
Cidade de Deus,8.6,"https://m.media-amazon.com/images/M/MV5BNDJiNTEwMjMtOGQ1ZC00OTczLWFjZjctZWQ0MGJjZmFkMjcwXkEyXkFqcGdeQXVyNjU0OTQ0OTY@._V1_UX45_CR0,0,45,67_AL_.jpg"
La vita è bella,8.6,"https://m.media-amazon.com/images/M/MV5BYmJmM2Q4NmMtYThmNC00ZjRlLWEyZmItZTIwOTBlZDQ3NTQ1XkEyXkFqcGdeQXVyMTQxNzMzNDI@._V1_UX45_CR0,0,45,67_AL_.jpg"
The Silence of the Lambs,8.6,"https://m.media-amazon.com/images/M/MV5BNjNhZTk0ZmEtNjJhMi00YzFlLWE1MmEtYzM1M2ZmMGMwMTU4XkEyXkFqcGdeQXVyNjU0OTQ0OTY@._V1_UY67_CR0,0,45,67_AL_.jpg"
It's a Wonderful Life,8.6,"https://m.media-amazon.com/images/M/MV5BZjc4NDZhZWMtNGEzYS00ZWU2LThlM2ItNTA0YzQ0OTExMTE2XkEyXkFqcGdeQXVyNjUwMzI2NzU@._V1_UY67_CR0,0,45,67_AL_.jpg"
Gisaengchung,8.6,"https://m.media-amazon.com/images/M/MV5BYWZjMjk3ZTItODQ2ZC00NTY5LWE0ZDYtZTI3MjcwN2Q5NTVkXkEyXkFqcGdeQXVyODk4OTc3MTY@._V1_UY67_CR0,0,45,67_AL_.jpg"
Star Wars,8.6,"https://m.media-amazon.com/images/M/MV5BNzVlY2MwMjktM2E4OS00Y2Y3LWE3ZjctYzhkZGM3YzA1ZWM2XkEyXkFqcGdeQXVyNzkwMjQ5NzM@._V1_UX45_CR0,0,45,67_AL_.jpg"
Saving Private Ryan,8.5,"https://m.media-amazon.com/images/M/MV5BZjhkMDM4MWItZTVjOC00ZDRhLThmYTAtM2I5NzBmNmNlMzI1XkEyXkFqcGdeQXVyNDYyMDk5MTU@._V1_UY67_CR0,0,45,67_AL_.jpg"
Sen to Chihiro no kamikakushi,8.5,"https://m.media-amazon.com/images/M/MV5BNmU5OTQ0OWQtOTY0OS00Yjg4LWE1NDYtNDRhYWMxYWY4OTMwXkEyXkFqcGdeQXVyNjU0OTQ0OTY@._V1_UY67_CR1,0,45,67_AL_.jpg"
The Green Mile,8.5,"https://m.media-amazon.com/images/M/MV5BMTUxMzQyNjA5MF5BMl5BanBnXkFtZTYwOTU2NTY3._V1_UY67_CR0,0,45,67_AL_.jpg"
Interstellar,8.5,"https://m.media-amazon.com/images/M/MV5BZjdkOTU3MDktN2IxOS00OGEyLWFmMjktY2FiMmZkNWIyODZiXkEyXkFqcGdeQXVyMTMxODk2OTU@._V1_UY67_CR0,0,45,67_AL_.jpg"
Léon,8.5,"https://m.media-amazon.com/images/M/MV5BZDAwYTlhMDEtNTg0OS00NDY2LWJjOWItNWY3YTZkM2UxYzUzXkEyXkFqcGdeQXVyNTA4NzY1MzY@._V1_UY67_CR1,0,45,67_AL_.jpg"
The Usual Suspects,8.5,"https://m.media-amazon.com/images/M/MV5BYTViNjMyNmUtNDFkNC00ZDRlLThmMDUtZDU2YWE4NGI2ZjVmXkEyXkFqcGdeQXVyNjU0OTQ0OTY@._V1_UX45_CR0,0,45,67_AL_.jpg"
Seppuku,8.5,"https://m.media-amazon.com/images/M/MV5BYjBmYTQ1NjItZWU5MS00YjI0LTg2OTYtYmFkN2JkMmNiNWVkXkEyXkFqcGdeQXVyMTMxMTY0OTQ@._V1_UY67_CR2,0,45,67_AL_.jpg"
Joker,8.5,"https://m.media-amazon.com/images/M/MV5BNGVjNWI4ZGUtNzE0MS00YTJmLWE0ZDctN2ZiYTk2YmI3NTYyXkEyXkFqcGdeQXVyMTkxNjUyNQ@@._V1_UY67_CR0,0,45,67_AL_.jpg"
The Lion King,8.5,"https://m.media-amazon.com/images/M/MV5BYTYxNGMyZTYtMjE3MS00MzNjLWFjNmYtMDk3N2FmM2JiM2M1XkEyXkFqcGdeQXVyNjY5NDU4NzI@._V1_UY67_CR0,0,45,67_AL_.jpg"
American History X,8.5,"https://m.media-amazon.com/images/M/MV5BZjA0MTM4MTQtNzY5MC00NzY3LWI1ZTgtYzcxMjkyMzU4MDZiXkEyXkFqcGdeQXVyNDYyMDk5MTU@._V1_UY67_CR0,0,45,67_AL_.jpg"
Terminator 2: Judgment Day,8.5,"https://m.media-amazon.com/images/M/MV5BMGU2NzRmZjUtOGUxYS00ZjdjLWEwZWItY2NlM2JhNjkxNTFmXkEyXkFqcGdeQXVyNjU0OTQ0OTY@._V1_UY67_CR0,0,45,67_AL_.jpg"
Back to the Future,8.5,"https://m.media-amazon.com/images/M/MV5BZmU0M2Y1OGUtZjIxNi00ZjBkLTg1MjgtOWIyNThiZWIwYjRiXkEyXkFqcGdeQXVyMTQxNzMzNDI@._V1_UX45_CR0,0,45,67_AL_.jpg"
The Pianist,8.5,"https://m.media-amazon.com/images/M/MV5BOWRiZDIxZjktMTA1NC00MDQ2LWEzMjUtMTliZmY3NjQ3ODJiXkEyXkFqcGdeQXVyNjU0OTQ0OTY@._V1_UY67_CR2,0,45,67_AL_.jpg"
Modern Times,8.5,"https://m.media-amazon.com/images/M/MV5BYjJiZjMzYzktNjU0NS00OTkxLWEwYzItYzdhYWJjN2QzMTRlL2ltYWdlL2ltYWdlXkEyXkFqcGdeQXVyNjU0OTQ0OTY@._V1_UX45_CR0,0,45,67_AL_.jpg"
Psycho,8.5,"https://m.media-amazon.com/images/M/MV5BNTQwNDM1YzItNDAxZC00NWY2LTk0M2UtNDIwNWI5OGUyNWUxXkEyXkFqcGdeQXVyNzkwMjQ5NzM@._V1_UY67_CR0,0,45,67_AL_.jpg"
Gladiator,8.5,"https://m.media-amazon.com/images/M/MV5BMDliMmNhNDEtODUyOS00MjNlLTgxODEtN2U3NzIxMGVkZTA1L2ltYWdlXkEyXkFqcGdeQXVyNjU0OTQ0OTY@._V1_UY67_CR0,0,45,67_AL_.jpg"
City Lights,8.5,"https://m.media-amazon.com/images/M/MV5BY2I4MmM1N2EtM2YzOS00OWUzLTkzYzctNDc5NDg2N2IyODJmXkEyXkFqcGdeQXVyNzkwMjQ5NzM@._V1_UX45_CR0,0,45,67_AL_.jpg"
The Intouchables,8.5,"https://m.media-amazon.com/images/M/MV5BMTYxNDA3MDQwNl5BMl5BanBnXkFtZTcwNTU4Mzc1Nw@@._V1_UY67_CR0,0,45,67_AL_.jpg"
The Departed,8.5,"https://m.media-amazon.com/images/M/MV5BMTI1MTY2OTIxNV5BMl5BanBnXkFtZTYwNjQ4NjY3._V1_UY67_CR0,0,45,67_AL_.jpg"
Whiplash,8.5,"https://m.media-amazon.com/images/M/MV5BOTA5NDZlZGUtMjAxOS00YTRkLTkwYmMtYWQ0NWEwZDZiNjEzXkEyXkFqcGdeQXVyMTMxODk2OTU@._V1_UY67_CR0,0,45,67_AL_.jpg"
Once Upon a Time in the West,8.5,"https://m.media-amazon.com/images/M/MV5BZGI5MjBmYzYtMzJhZi00NGI1LTk3MzItYjBjMzcxM2U3MDdiXkEyXkFqcGdeQXVyNzkwMjQ5NzM@._V1_UX45_CR0,0,45,67_AL_.jpg"
The Prestige,8.5,"https://m.media-amazon.com/images/M/MV5BMjA4NDI0MTIxNF5BMl5BanBnXkFtZTYwNTM0MzY2._V1_UY67_CR0,0,45,67_AL_.jpg"
Casablanca,8.4,"https://m.media-amazon.com/images/M/MV5BY2IzZGY2YmEtYzljNS00NTM5LTgwMzUtMzM1NjQ4NGI0OTk0XkEyXkFqcGdeQXVyNDYyMDk5MTU@._V1_UX45_CR0,0,45,67_AL_.jpg"
Hotaru no haka,8.4,"https://m.media-amazon.com/images/M/MV5BZmY2NjUzNDQtNTgxNC00M2Q4LTljOWQtMjNjNDBjNWUxNmJlXkEyXkFqcGdeQXVyNTA4NzY1MzY@._V1_UX45_CR0,0,45,67_AL_.jpg"
1917,8.4,"https://m.media-amazon.com/images/M/MV5BOTdmNTFjNDEtNzg0My00ZjkxLTg1ZDAtZTdkMDc2ZmFiNWQ1XkEyXkFqcGdeQXVyNTAzNzgwNTg@._V1_UX45_CR0,0,45,67_AL_.jpg"
Rear Window,8.4,"https://m.media-amazon.com/images/M/MV5BNGUxYWM3M2MtMGM3Mi00ZmRiLWE0NGQtZjE5ODI2OTJhNTU0XkEyXkFqcGdeQXVyMTQxNzMzNDI@._V1_UY67_CR0,0,45,67_AL_.jpg"
Nuovo Cinema Paradiso,8.4,"https://m.media-amazon.com/images/M/MV5BM2FhYjEyYmYtMDI1Yy00YTdlLWI2NWQtYmEzNzAxOGY1NjY2XkEyXkFqcGdeQXVyNTA3NTIyNDg@._V1_UY67_CR0,0,45,67_AL_.jpg"
Alien,8.4,"https://m.media-amazon.com/images/M/MV5BMmQ2MmU3NzktZjAxOC00ZDZhLTk4YzEtMDMyMzcxY2IwMDAyXkEyXkFqcGdeQXVyNzkwMjQ5NzM@._V1_UY67_CR0,0,45,67_AL_.jpg"
Raiders of the Lost Ark,8.4,"https://m.media-amazon.com/images/M/MV5BMjA0ODEzMTc1Nl5BMl5BanBnXkFtZTcwODM2MjAxNA@@._V1_UX45_CR0,0,45,67_AL_.jpg"
Apocalypse Now,8.4,"https://m.media-amazon.com/images/M/MV5BMDdhODg0MjYtYzBiOS00ZmI5LWEwZGYtZDEyNDU4MmQyNzFkXkEyXkFqcGdeQXVyNzkwMjQ5NzM@._V1_UX45_CR0,0,45,67_AL_.jpg"
Memento,8.4,"https://m.media-amazon.com/images/M/MV5BZTcyNjk1MjgtOWI3Mi00YzQwLWI5MTktMzY4ZmI2NDAyNzYzXkEyXkFqcGdeQXVyNjU0OTQ0OTY@._V1_UY67_CR0,0,45,67_AL_.jpg"
The Great Dictator,8.4,"https://m.media-amazon.com/images/M/MV5BMmExYWJjNTktNGUyZS00ODhmLTkxYzAtNWIzOGEyMGNiMmUwXkEyXkFqcGdeQXVyNjU0OTQ0OTY@._V1_UY67_CR0,0,45,67_AL_.jpg"
The Lives of Others,8.4,"https://m.media-amazon.com/images/M/MV5BOThkM2EzYmMtNDE3NS00NjlhLTg4YzktYTdhNzgyOWY3ZDYzXkEyXkFqcGdeQXVyNzQzNzQxNzI@._V1_UY67_CR1,0,45,67_AL_.jpg"
Django Unchained,8.4,"https://m.media-amazon.com/images/M/MV5BMjIyNTQ5NjQ1OV5BMl5BanBnXkFtZTcwODg1MDU4OA@@._V1_UY67_CR0,0,45,67_AL_.jpg"
Avengers: Infinity War,8.4,"https://m.media-amazon.com/images/M/MV5BMjMxNjY2MDU1OV5BMl5BanBnXkFtZTgwNzY1MTUwNTM@._V1_UY67_CR0,0,45,67_AL_.jpg"
Paths of Glory,8.4,"https://m.media-amazon.com/images/M/MV5BNjViMmRkOTEtM2ViOS00ODg0LWJhYWEtNTBlOGQxNDczOGY3XkEyXkFqcGdeQXVyMDI2NDg0NQ@@._V1_UY67_CR1,0,45,67_AL_.jpg"
The Shining,8.4,"https://m.media-amazon.com/images/M/MV5BZWFlYmY2MGEtZjVkYS00YzU4LTg0YjQtYzY1ZGE3NTA5NGQxXkEyXkFqcGdeQXVyMTQxNzMzNDI@._V1_UX45_CR0,0,45,67_AL_.jpg"
Avengers: Endgame,8.4,"https://m.media-amazon.com/images/M/MV5BMTc5MDE2ODcwNV5BMl5BanBnXkFtZTgwMzI2NzQ2NzM@._V1_UY67_CR0,0,45,67_AL_.jpg"
WALL·E,8.4,"https://m.media-amazon.com/images/M/MV5BMjExMTg5OTU0NF5BMl5BanBnXkFtZTcwMjMxMzMzMw@@._V1_UY67_CR0,0,45,67_AL_.jpg"
Spider-Man: Into the Spider-Verse,8.4,"https://m.media-amazon.com/images/M/MV5BMjMwNDkxMTgzOF5BMl5BanBnXkFtZTgwNTkwNTQ3NjM@._V1_UY67_CR0,0,45,67_AL_.jpg"
Mononoke-hime,8.4,"https://m.media-amazon.com/images/M/MV5BNGIzY2IzODQtNThmMi00ZDE4LWI5YzAtNzNlZTM1ZjYyYjUyXkEyXkFqcGdeQXVyODEzNjM5OTQ@._V1_UX45_CR0,0,45,67_AL_.jpg"
Sunset Blvd.,8.4,"https://m.media-amazon.com/images/M/MV5BMTU0NTkyNzYwMF5BMl5BanBnXkFtZTgwMDU0NDk5MTI@._V1_UX45_CR0,0,45,67_AL_.jpg"
Dr. Strangelove or: How I Learned to Stop Worrying and Love the Bomb,8.4,"https://m.media-amazon.com/images/M/MV5BZWI3ZTMxNjctMjdlNS00NmUwLWFiM2YtZDUyY2I3N2MxYTE0XkEyXkFqcGdeQXVyNzkwMjQ5NzM@._V1_UX45_CR0,0,45,67_AL_.jpg"
Oldeuboi,8.4,"https://m.media-amazon.com/images/M/MV5BYjA2ZWQxMTUtYmQ0OS00ZTc3LTgwNjMtMjYwNmEwYjcwMTcyXkEyXkFqcGdeQXVyMTA3NTQwNDU4._V1_UY67_CR0,0,45,67_AL_.jpg"
Witness for the Prosecution,8.4,"https://m.media-amazon.com/images/M/MV5BZjEwMmE5MzYtYWExYy00ZjEzLTk4MjUtMmJmNzgxY2MxN2U1XkEyXkFqcGdeQXVyMTg2NTc4MzA@._V1_UY67_CR3,0,45,67_AL_.jpg"
The Dark Knight Rises,8.3,"https://m.media-amazon.com/images/M/MV5BMTk4ODQzNDY3Ml5BMl5BanBnXkFtZTcwODA0NTM4Nw@@._V1_UY67_CR0,0,45,67_AL_.jpg"
Once Upon a Time in America,8.3,"https://m.media-amazon.com/images/M/MV5BMGFkNWI4MTMtNGQ0OC00MWVmLTk3MTktOGYxN2Y2YWVkZWE2XkEyXkFqcGdeQXVyNjU0OTQ0OTY@._V1_UX45_CR0,0,45,67_AL_.jpg"
Aliens,8.3,"https://m.media-amazon.com/images/M/MV5BZGU2OGY5ZTYtMWNhYy00NjZiLWI0NjUtZmNhY2JhNDRmODU3XkEyXkFqcGdeQXVyNzkwMjQ5NzM@._V1_UX45_CR0,0,45,67_AL_.jpg"
Kimi no na wa.,8.3,"https://m.media-amazon.com/images/M/MV5BODRmZDVmNzUtZDA4ZC00NjhkLWI2M2UtN2M0ZDIzNDcxYThjL2ltYWdlXkEyXkFqcGdeQXVyNTk0MzMzODA@._V1_UY67_CR0,0,45,67_AL_.jpg"
American Beauty,8.3,"https://m.media-amazon.com/images/M/MV5BNTBmZWJkNjctNDhiNC00MGE2LWEwOTctZTk5OGVhMWMyNmVhXkEyXkFqcGdeQXVyMTMxODk2OTU@._V1_UY67_CR0,0,45,67_AL_.jpg"
Coco,8.3,"https://m.media-amazon.com/images/M/MV5BYjQ5NjM0Y2YtNjZkNC00ZDhkLWJjMWItN2QyNzFkMDE3ZjAxXkEyXkFqcGdeQXVyODIxMzk5NjA@._V1_UY67_CR1,0,45,67_AL_.jpg"
Braveheart,8.3,"https://m.media-amazon.com/images/M/MV5BMzkzMmU0YTYtOWM3My00YzBmLWI0YzctOGYyNTkwMWE5MTJkXkEyXkFqcGdeQXVyNzkwMjQ5NzM@._V1_UY67_CR0,0,45,67_AL_.jpg"
Das Boot,8.3,"https://m.media-amazon.com/images/M/MV5BNGRmOWY0MGUtNTVhMy00NzRlLTljNDAtNTBiNTRlODgxNmY2XkEyXkFqcGdeQXVyNjc1NTYyMjg@._V1_UY67_CR1,0,45,67_AL_.jpg"
Tengoku to jigoku,8.3,"https://m.media-amazon.com/images/M/MV5BZGQ1NWZlYjctNDJmOS00MmU2LTg1ODItNmZiM2ZkNzJhNDI0XkEyXkFqcGdeQXVyNjc1NTYyMjg@._V1_UY67_CR1,0,45,67_AL_.jpg"
3 Idiots,8.3,"https://m.media-amazon.com/images/M/MV5BNTkyOGVjMGEtNmQzZi00NzFlLTlhOWQtODYyMDc2ZGJmYzFhXkEyXkFqcGdeQXVyNjU0OTQ0OTY@._V1_UY67_CR1,0,45,67_AL_.jpg"
Star Wars: Episode VI - Return of the Jedi,8.3,"https://m.media-amazon.com/images/M/MV5BOWZlMjFiYzgtMTUzNC00Y2IzLTk1NTMtZmNhMTczNTk0ODk1XkEyXkFqcGdeQXVyNTAyODkwOQ@@._V1_UX45_CR0,0,45,67_AL_.jpg"
Toy Story,8.3,"https://m.media-amazon.com/images/M/MV5BMDU2ZWJlMjktMTRhMy00ZTA5LWEzNDgtYmNmZTEwZTViZWJkXkEyXkFqcGdeQXVyNDQ2OTk4MzI@._V1_UX45_CR0,0,45,67_AL_.jpg"
Taare Zameen Par,8.3,"https://m.media-amazon.com/images/M/MV5BNTVmYTk2NjAtYzY3MS00YjFjLTlkYzktYzg3YzMyZDQyOWRiXkEyXkFqcGdeQXVyNjQ2MjQ5NzM@._V1_UY67_CR0,0,45,67_AL_.jpg"
Amadeus,8.3,"https://m.media-amazon.com/images/M/MV5BNWJlNzUzNGMtYTAwMS00ZjI2LWFmNWQtODcxNWUxODA5YmU1XkEyXkFqcGdeQXVyNTIzOTk5ODM@._V1_UX45_CR0,0,45,67_AL_.jpg"
Reservoir Dogs,8.3,"https://m.media-amazon.com/images/M/MV5BZmExNmEwYWItYmQzOS00YjA5LTk2MjktZjEyZDE1Y2QxNjA1XkEyXkFqcGdeQXVyMTQxNzMzNDI@._V1_UX45_CR0,0,45,67_AL_.jpg"
Inglourious Basterds,8.3,"https://m.media-amazon.com/images/M/MV5BOTJiNDEzOWYtMTVjOC00ZjlmLWE0NGMtZmE1OWVmZDQ2OWJhXkEyXkFqcGdeQXVyNTIzOTk5ODM@._V1_UY67_CR0,0,45,67_AL_.jpg"
Good Will Hunting,8.3,"https://m.media-amazon.com/images/M/MV5BOTI0MzcxMTYtZDVkMy00NjY1LTgyMTYtZmUxN2M3NmQ2NWJhXkEyXkFqcGdeQXVyMTQxNzMzNDI@._V1_UX45_CR0,0,45,67_AL_.jpg"
2001: A Space Odyssey,8.3,"https://m.media-amazon.com/images/M/MV5BMmNlYzRiNDctZWNhMi00MzI4LThkZTctMTUzMmZkMmFmNThmXkEyXkFqcGdeQXVyNzkwMjQ5NzM@._V1_UY67_CR0,0,45,67_AL_.jpg"
M - Eine Stadt sucht einen Mörder,8.3,"https://m.media-amazon.com/images/M/MV5BODA4ODk3OTEzMF5BMl5BanBnXkFtZTgwMTQ2ODMwMzE@._V1_UX45_CR0,0,45,67_AL_.jpg"
Requiem for a Dream,8.3,"https://m.media-amazon.com/images/M/MV5BOTdiNzJlOWUtNWMwNS00NmFlLWI0YTEtZmI3YjIzZWUyY2Y3XkEyXkFqcGdeQXVyNjU0OTQ0OTY@._V1_UX45_CR0,0,45,67_AL_.jpg"
Vertigo,8.3,"https://m.media-amazon.com/images/M/MV5BYTE4ODEwZDUtNDFjOC00NjAxLWEzYTQtYTI1NGVmZmFlNjdiL2ltYWdlL2ltYWdlXkEyXkFqcGdeQXVyNjc1NTYyMjg@._V1_UX45_CR0,0,45,67_AL_.jpg"
Dangal,8.3,"https://m.media-amazon.com/images/M/MV5BMTQ4MzQzMzM2Nl5BMl5BanBnXkFtZTgwMTQ1NzU3MDI@._V1_UY67_CR1,0,45,67_AL_.jpg"
Eternal Sunshine of the Spotless Mind,8.3,"https://m.media-amazon.com/images/M/MV5BMTY4NzcwODg3Nl5BMl5BanBnXkFtZTcwNTEwOTMyMw@@._V1_UY67_CR0,0,45,67_AL_.jpg"
Citizen Kane,8.3,"https://m.media-amazon.com/images/M/MV5BYjBiOTYxZWItMzdiZi00NjlkLWIzZTYtYmFhZjhiMTljOTdkXkEyXkFqcGdeQXVyNzkwMjQ5NzM@._V1_UX45_CR0,0,45,67_AL_.jpg"
Jagten,8.3,"https://m.media-amazon.com/images/M/MV5BNDM2MzMwMzcxNF5BMl5BanBnXkFtZTcwNTczMDk3OA@@._V1_UY67_CR0,0,45,67_AL_.jpg"
Full Metal Jacket,8.3,"https://m.media-amazon.com/images/M/MV5BNzkxODk0NjEtYjc4Mi00ZDI0LTgyYjEtYzc1NDkxY2YzYTgyXkEyXkFqcGdeQXVyNzkwMjQ5NzM@._V1_UX45_CR0,0,45,67_AL_.jpg"
North by Northwest,8.3,"https://m.media-amazon.com/images/M/MV5BZDA3NDExMTUtMDlhOC00MmQ5LWExZGUtYmI1NGVlZWI4OWNiXkEyXkFqcGdeQXVyNjc1NTYyMjg@._V1_UX45_CR0,0,45,67_AL_.jpg"
A Clockwork Orange,8.3,"https://m.media-amazon.com/images/M/MV5BMTY3MjM1Mzc4N15BMl5BanBnXkFtZTgwODM0NzAxMDE@._V1_UY67_CR0,0,45,67_AL_.jpg"
Snatch,8.2,"https://m.media-amazon.com/images/M/MV5BMTA2NDYxOGYtYjU1Mi00Y2QzLTgxMTQtMWI1MGI0ZGQ5MmU4XkEyXkFqcGdeQXVyNDk3NzU2MTQ@._V1_UY67_CR0,0,45,67_AL_.jpg"
The Kid,8.2,"https://m.media-amazon.com/images/M/MV5BZjhhMThhNDItNTY2MC00MmU1LTliNDEtNDdhZjdlNTY5ZDQ1XkEyXkFqcGdeQXVyNjc1NTYyMjg@._V1_UX45_CR0,0,45,67_AL_.jpg"
Ladri di biciclette,8.2,"https://m.media-amazon.com/images/M/MV5BNmI1ODdjODctMDlmMC00ZWViLWI5MzYtYzRhNDdjYmM3MzFjXkEyXkFqcGdeQXVyMTMxODk2OTU@._V1_UY67_CR0,0,45,67_AL_.jpg"
Singin' in the Rain,8.2,"https://m.media-amazon.com/images/M/MV5BMWUyNjQ5MTAtNDJhYS00MWQ0LTk2ZTAtZmE4MWNlMjMwMzg3XkEyXkFqcGdeQXVyNTA4NzY1MzY@._V1_UX45_CR0,0,45,67_AL_.jpg"
Scarface,8.2,"https://m.media-amazon.com/images/M/MV5BNjdjNGQ4NDEtNTEwYS00MTgxLTliYzQtYzE2ZDRiZjFhZmNlXkEyXkFqcGdeQXVyNjU0OTQ0OTY@._V1_UX45_CR0,0,45,67_AL_.jpg"
Amélie,8.2,"https://m.media-amazon.com/images/M/MV5BNDg4NjM1YjMtYmNhZC00MjM0LWFiZmYtNGY1YjA3MzZmODc5XkEyXkFqcGdeQXVyNDk3NzU2MTQ@._V1_UX45_CR0,0,45,67_AL_.jpg"
Taxi Driver,8.2,"https://m.media-amazon.com/images/M/MV5BM2M1MmVhNDgtNmI0YS00ZDNmLTkyNjctNTJiYTQ2N2NmYzc2XkEyXkFqcGdeQXVyNzkwMjQ5NzM@._V1_UX45_CR0,0,45,67_AL_.jpg"
Lawrence of Arabia,8.2,"https://m.media-amazon.com/images/M/MV5BYWY5ZjhjNGYtZmI2Ny00ODM0LWFkNzgtZmI1YzA2N2MxMzA0XkEyXkFqcGdeQXVyNjUwNzk3NDc@._V1_UY67_CR0,0,45,67_AL_.jpg"
Toy Story 3,8.2,"https://m.media-amazon.com/images/M/MV5BMTgxOTY4Mjc0MF5BMl5BanBnXkFtZTcwNTA4MDQyMw@@._V1_UY67_CR1,0,45,67_AL_.jpg"
The Sting,8.2,"https://m.media-amazon.com/images/M/MV5BNGU3NjQ4YTMtZGJjOS00YTQ3LThmNmItMTI5MDE2ODI3NzY3XkEyXkFqcGdeQXVyMjUzOTY1NTc@._V1_UX45_CR0,0,45,67_AL_.jpg"
Capharnaüm,8.2,"https://m.media-amazon.com/images/M/MV5BMmExNzU2ZWMtYzUwYi00YmM2LTkxZTQtNmVhNjY0NTMyMWI2XkEyXkFqcGdeQXVyMTMxODk2OTU@._V1_UY67_CR0,0,45,67_AL_.jpg"
Metropolis,8.2,"https://m.media-amazon.com/images/M/MV5BMTg5YWIyMWUtZDY5My00Zjc1LTljOTctYmI0MWRmY2M2NmRkXkEyXkFqcGdeQXVyMTMxODk2OTU@._V1_UY67_CR0,0,45,67_AL_.jpg"
Per qualche dollaro in più,8.2,"https://m.media-amazon.com/images/M/MV5BNWM1NmYyM2ItMTFhNy00NDU0LThlYWUtYjQyYTJmOTY0ZmM0XkEyXkFqcGdeQXVyNjU0OTQ0OTY@._V1_UX45_CR0,0,45,67_AL_.jpg"
Jodaeiye Nader az Simin,8.2,"https://m.media-amazon.com/images/M/MV5BZDRiZDY2YmEtZjMzNi00YTM4LWJkMmItYjFkNTQxMjQxNjA4XkEyXkFqcGdeQXVyMTMxODk2OTU@._V1_UY67_CR0,0,45,67_AL_.jpg"
Ikiru,8.2,"https://m.media-amazon.com/images/M/MV5BZmM0NGY3Y2MtMTA1YS00YmQzLTk2YTctYWFhMDkzMDRjZWQzXkEyXkFqcGdeQXVyNTA4NzY1MzY@._V1_UX45_CR0,0,45,67_AL_.jpg"
Double Indemnity,8.2,"https://m.media-amazon.com/images/M/MV5BOTdlNjgyZGUtOTczYi00MDdhLTljZmMtYTEwZmRiOWFkYjRhXkEyXkFqcGdeQXVyNDY2MTk1ODk@._V1_UX45_CR0,0,45,67_AL_.jpg"
To Kill a Mockingbird,8.2,"https://m.media-amazon.com/images/M/MV5BNmVmYzcwNzMtMWM1NS00MWIyLThlMDEtYzUwZDgzODE1NmE2XkEyXkFqcGdeQXVyNzkwMjQ5NzM@._V1_UX45_CR0,0,45,67_AL_.jpg"
The Apartment,8.2,"https://m.media-amazon.com/images/M/MV5BNzkwODFjNzItMmMwNi00MTU5LWE2MzktM2M4ZDczZGM1MmViXkEyXkFqcGdeQXVyNDY2MTk1ODk@._V1_UX45_CR0,0,45,67_AL_.jpg"
Indiana Jones and the Last Crusade,8.2,"https://m.media-amazon.com/images/M/MV5BMjNkMzc2N2QtNjVlNS00ZTk5LTg0MTgtODY2MDAwNTMwZjBjXkEyXkFqcGdeQXVyNDk3NzU2MTQ@._V1_UY67_CR0,0,45,67_AL_.jpg"
Incendies,8.2,"https://m.media-amazon.com/images/M/MV5BMWE3MGYzZjktY2Q5Mi00Y2NiLWIyYWUtMmIyNzA3YmZlMGFhXkEyXkFqcGdeQXVyMTMxODk2OTU@._V1_UX45_CR0,0,45,67_AL_.jpg"
Up,8.2,"https://m.media-amazon.com/images/M/MV5BMTk3NDE2NzI4NF5BMl5BanBnXkFtZTgwNzE1MzEyMTE@._V1_UX45_CR0,0,45,67_AL_.jpg"
L.A. Confidential,8.2,"https://m.media-amazon.com/images/M/MV5BMDQ2YzEyZGItYWRhOS00MjBmLTkzMDUtMTdjYzkyMmQxZTJlXkEyXkFqcGdeQXVyNjU0OTQ0OTY@._V1_UY67_CR0,0,45,67_AL_.jpg"
Monty Python and the Holy Grail,8.2,"https://m.media-amazon.com/images/M/MV5BN2IyNTE4YzUtZWU0Mi00MGIwLTgyMmQtMzQ4YzQxYWNlYWE2XkEyXkFqcGdeQXVyNjU0OTQ0OTY@._V1_UX45_CR0,0,45,67_AL_.jpg"
Heat,8.2,"https://m.media-amazon.com/images/M/MV5BNDc0YTQ5NGEtM2NkYS00MWRhLThiNzAtNmY3NWU3YzNkMjIyXkEyXkFqcGdeQXVyNzkwMjQ5NzM@._V1_UX45_CR0,0,45,67_AL_.jpg"
Die Hard,8.2,"https://m.media-amazon.com/images/M/MV5BZjRlNDUxZjAtOGQ4OC00OTNlLTgxNmQtYTBmMDgwZmNmNjkxXkEyXkFqcGdeQXVyNzkwMjQ5NzM@._V1_UX45_CR0,0,45,67_AL_.jpg"
Rashômon,8.2,"https://m.media-amazon.com/images/M/MV5BMTk1MDU5MjQ5NF5BMl5BanBnXkFtZTgwMDM2OTE4MzE@._V1_UY67_CR1,0,45,67_AL_.jpg"
Yôjinbô,8.2,"https://m.media-amazon.com/images/M/MV5BZThiZjAzZjgtNDU3MC00YThhLThjYWUtZGRkYjc2ZWZlOTVjXkEyXkFqcGdeQXVyNTA4NzY1MzY@._V1_UX45_CR0,0,45,67_AL_.jpg"
Batman Begins,8.2,"https://m.media-amazon.com/images/M/MV5BZmUwNGU2ZmItMmRiNC00MjhlLTg5YWUtODMyNzkxODYzMmZlXkEyXkFqcGdeQXVyNTIzOTk5ODM@._V1_UY67_CR2,0,45,67_AL_.jpg"
Green Book,8.2,"https://m.media-amazon.com/images/M/MV5BYzIzYmJlYTYtNGNiYy00N2EwLTk4ZjItMGYyZTJiOTVkM2RlXkEyXkFqcGdeQXVyODY1NDk1NjE@._V1_UX45_CR0,0,45,67_AL_.jpg"
Unforgiven,8.2,"https://m.media-amazon.com/images/M/MV5BODM3YWY4NmQtN2Y3Ni00OTg0LWFhZGQtZWE3ZWY4MTJlOWU4XkEyXkFqcGdeQXVyNjU0OTQ0OTY@._V1_UX45_CR0,0,45,67_AL_.jpg"
Der Untergang,8.2,"https://m.media-amazon.com/images/M/MV5BZDA2ZjUxZGUtOWU4My00NGU4LTliMGItNWNjMWU1MTM3Nzc3XkEyXkFqcGdeQXVyMzA3Njg4MzY@._V1_UY67_CR1,0,45,67_AL_.jpg"
Bacheha-Ye aseman,8.2,"https://m.media-amazon.com/images/M/MV5BZTYwZWQ4ZTQtZWU0MS00N2YwLWEzMDItZWFkZWY0MWVjODVhXkEyXkFqcGdeQXVyNjU0OTQ0OTY@._V1_UX45_CR0,0,45,67_AL_.jpg"
Some Like It Hot,8.2,"https://m.media-amazon.com/images/M/MV5BNzAyOGIxYjAtMGY2NC00ZTgyLWIwMWEtYzY0OWQ4NDFjOTc5XkEyXkFqcGdeQXVyNjU0OTQ0OTY@._V1_UX45_CR0,0,45,67_AL_.jpg"
Hauru no ugoku shiro,8.2,"https://m.media-amazon.com/images/M/MV5BZTRhY2QwM2UtNWRlNy00ZWQwLTg3MjktZThmNjQ3NTdjN2IxXkEyXkFqcGdeQXVyMzg2MzE2OTE@._V1_UY67_CR1,0,45,67_AL_.jpg"
Idi i smotri,8.2,"https://m.media-amazon.com/images/M/MV5BODM4Njg0NTAtYjI5Ny00ZjAxLTkwNmItZTMxMWU5M2U3M2RjXkEyXkFqcGdeQXVyNzkwMjQ5NzM@._V1_UX45_CR0,0,45,67_AL_.jpg"
The Great Escape,8.2,"https://m.media-amazon.com/images/M/MV5BNzA2NmYxMWUtNzBlMC00MWM2LTkwNmQtYTFlZjQwODNhOWE0XkEyXkFqcGdeQXVyNTIzOTk5ODM@._V1_UX45_CR0,0,45,67_AL_.jpg"
Ran,8.2,"https://m.media-amazon.com/images/M/MV5BZDBjZTM4ZmEtOTA5ZC00NTQzLTkyNzYtMmUxNGU2YjI5YjU5L2ltYWdlXkEyXkFqcGdeQXVyNTAyODkwOQ@@._V1_UY67_CR1,0,45,67_AL_.jpg"
Tonari no Totoro,8.2,"https://m.media-amazon.com/images/M/MV5BNTdiOTQ0YmUtOGE3YS00NDg5LWI3YTEtNDAxZmE0MzRmZWM5L2ltYWdlXkEyXkFqcGdeQXVyNTAyODkwOQ@@._V1_UY67_CR2,0,45,67_AL_.jpg"
All About Eve,8.2,"https://m.media-amazon.com/images/M/MV5BMTY2MTAzODI5NV5BMl5BanBnXkFtZTgwMjM4NzQ0MjE@._V1_UX45_CR0,0,45,67_AL_.jpg"
A Beautiful Mind,8.2,"https://m.media-amazon.com/images/M/MV5BMzcwYWFkYzktZjAzNC00OGY1LWI4YTgtNzc5MzVjMDVmNjY0XkEyXkFqcGdeQXVyMTQxNzMzNDI@._V1_UY67_CR0,0,45,67_AL_.jpg"
Casino,8.2,"https://m.media-amazon.com/images/M/MV5BMTcxOWYzNDYtYmM4YS00N2NkLTk0NTAtNjg1ODgwZjAxYzI3XkEyXkFqcGdeQXVyNTA4NzY1MzY@._V1_UX45_CR0,0,45,67_AL_.jpg"
Pan's Labyrinth,8.2,"https://m.media-amazon.com/images/M/MV5BMDBjOWYyMDQtOWRmOC00MDgxLWIxM2UtMTNjYzFiN2RkYTBlXkEyXkFqcGdeQXVyMTAyOTE2ODg0._V1_UY67_CR2,0,45,67_AL_.jpg"
Raging Bull,8.2,"https://m.media-amazon.com/images/M/MV5BYjRmODkzNDItMTNhNi00YjJlLTg0ZjAtODlhZTM0YzgzYThlXkEyXkFqcGdeQXVyNzQ1ODk3MTQ@._V1_UY67_CR0,0,45,67_AL_.jpg"
El secreto de sus ojos,8.2,"https://m.media-amazon.com/images/M/MV5BMGI4ZDU0MWUtMmMwNS00ODBhLTllODEtZWE2NjMwNTM3MmVjXkEyXkFqcGdeQXVyNDE5MTU2MDE@._V1_UY67_CR1,0,45,67_AL_.jpg"
"Lock, Stock and Two Smoking Barrels",8.2,"https://m.media-amazon.com/images/M/MV5BMTAyN2JmZmEtNjAyMy00NzYwLThmY2MtYWQ3OGNhNjExMmM4XkEyXkFqcGdeQXVyNDk3NzU2MTQ@._V1_UX45_CR0,0,45,67_AL_.jpg"
The Wolf of Wall Street,8.1,"https://m.media-amazon.com/images/M/MV5BMjIxMjgxNTk0MF5BMl5BanBnXkFtZTgwNjIyOTg2MDE@._V1_UY67_CR0,0,45,67_AL_.jpg"
The Treasure of the Sierra Madre,8.1,"https://m.media-amazon.com/images/M/MV5BOTJlZWMxYzEtMjlkMS00ODE0LThlM2ItMDI3NGQ2YjhmMzkxXkEyXkFqcGdeQXVyMDI2NDg0NQ@@._V1_UX45_CR0,0,45,67_AL_.jpg"
Judgment at Nuremberg,8.1,"https://m.media-amazon.com/images/M/MV5BZDZjMTIwZTQtNTM3OS00OTUyLWI5MTMtOTNjYWVkNzhjMWIxXkEyXkFqcGdeQXVyNTc1NTQxODI@._V1_UY67_CR0,0,45,67_AL_.jpg"
"Three Billboards Outside Ebbing, Missouri",8.1,"https://m.media-amazon.com/images/M/MV5BMjI0ODcxNzM1N15BMl5BanBnXkFtZTgwMzIwMTEwNDI@._V1_UY67_CR0,0,45,67_AL_.jpg"
Babam ve Oglum,8.1,"https://m.media-amazon.com/images/M/MV5BNjAzMzEwYzctNjc1MC00Nzg5LWFmMGItMTgzYmMyNTY2OTQ4XkEyXkFqcGdeQXVyNjU0OTQ0OTY@._V1_UY67_CR0,0,45,67_AL_.jpg"
Chinatown,8.1,"https://m.media-amazon.com/images/M/MV5BOGMwYmY5ZmEtMzY1Yi00OWJiLTk1Y2MtMzI2MjBhYmZkNTQ0XkEyXkFqcGdeQXVyNzkwMjQ5NzM@._V1_UX45_CR0,0,45,67_AL_.jpg"
There Will Be Blood,8.1,"https://m.media-amazon.com/images/M/MV5BMjAxODQ4MDU5NV5BMl5BanBnXkFtZTcwMDU4MjU1MQ@@._V1_UY67_CR0,0,45,67_AL_.jpg"
The Gold Rush,8.1,"https://m.media-amazon.com/images/M/MV5BZjEyOTE4MzMtNmMzMy00Mzc3LWJlOTQtOGJiNDE0ZmJiOTU4L2ltYWdlXkEyXkFqcGdeQXVyNTAyODkwOQ@@._V1_UY67_CR2,0,45,67_AL_.jpg"
Dial M for Murder,8.1,"https://m.media-amazon.com/images/M/MV5BOWIwODIxYWItZDI4MS00YzhhLWE3MmYtMzlhZDIwOTMzZmE5L2ltYWdlXkEyXkFqcGdeQXVyNjc1NTYyMjg@._V1_UX45_CR0,0,45,67_AL_.jpg"
V for Vendetta,8.1,"https://m.media-amazon.com/images/M/MV5BOTI5ODc3NzExNV5BMl5BanBnXkFtZTcwNzYxNzQzMw@@._V1_UY67_CR0,0,45,67_AL_.jpg"
Inside Out,8.1,"https://m.media-amazon.com/images/M/MV5BOTgxMDQwMDk0OF5BMl5BanBnXkFtZTgwNjU5OTg2NDE@._V1_UY67_CR0,0,45,67_AL_.jpg"
Det sjunde inseglet,8.1,"https://m.media-amazon.com/images/M/MV5BM2I1ZWU4YjMtYzU0My00YmMzLWFmNTAtZDJhZGYwMmI3YWQ5XkEyXkFqcGdeQXVyNjU0OTQ0OTY@._V1_UX45_CR0,0,45,67_AL_.jpg"
Warrior,8.1,"https://m.media-amazon.com/images/M/MV5BMTk4ODk5MTMyNV5BMl5BanBnXkFtZTcwMDMyNTg0Ng@@._V1_UX45_CR0,0,45,67_AL_.jpg"
No Country for Old Men,8.1,"https://m.media-amazon.com/images/M/MV5BMjA5Njk3MjM4OV5BMl5BanBnXkFtZTcwMTc5MTE1MQ@@._V1_UY67_CR0,0,45,67_AL_.jpg"
Trainspotting,8.1,"https://m.media-amazon.com/images/M/MV5BMzA5Zjc3ZTMtMmU5YS00YTMwLWI4MWUtYTU0YTVmNjVmODZhXkEyXkFqcGdeQXVyNjU0OTQ0OTY@._V1_UY67_CR0,0,45,67_AL_.jpg"
The Elephant Man,8.1,"https://m.media-amazon.com/images/M/MV5BMDVjNjIwOGItNDE3Ny00OThjLWE0NzQtZTU3YjMzZTZjMzhkXkEyXkFqcGdeQXVyMTQxNzMzNDI@._V1_UX45_CR0,0,45,67_AL_.jpg"
Shutter Island,8.1,"https://m.media-amazon.com/images/M/MV5BYzhiNDkyNzktNTZmYS00ZTBkLTk2MDAtM2U0YjU1MzgxZjgzXkEyXkFqcGdeQXVyMTMxODk2OTU@._V1_UY67_CR0,0,45,67_AL_.jpg"
Room,8.1,"https://m.media-amazon.com/images/M/MV5BMjE4NzgzNzEwMl5BMl5BanBnXkFtZTgwMTMzMDE0NjE@._V1_UY67_CR0,0,45,67_AL_.jpg"
The Sixth Sense,8.1,"https://m.media-amazon.com/images/M/MV5BMWM4NTFhYjctNzUyNi00NGMwLTk3NTYtMDIyNTZmMzRlYmQyXkEyXkFqcGdeQXVyMTAwMzUyOTc@._V1_UY67_CR0,0,45,67_AL_.jpg"
The Thing,8.1,"https://m.media-amazon.com/images/M/MV5BNDcyZmFjY2YtN2I1OC00MzU3LWIzZGEtZDA5N2VlNDJjYWI3L2ltYWdlXkEyXkFqcGdeQXVyNTAyODkwOQ@@._V1_UX45_CR0,0,45,67_AL_.jpg"
Ford v. Ferrari,8.1,"https://m.media-amazon.com/images/M/MV5BYzcyZDNlNDktOWRhYy00ODQ5LTg1ODQtZmFmZTIyMjg2Yjk5XkEyXkFqcGdeQXVyMTkxNjUyNQ@@._V1_UY67_CR0,0,45,67_AL_.jpg"
Gone with the Wind,8.1,"https://m.media-amazon.com/images/M/MV5BYjUyZWZkM2UtMzYxYy00ZmQ3LWFmZTQtOGE2YjBkNjA3YWZlXkEyXkFqcGdeQXVyNzkwMjQ5NzM@._V1_UX45_CR0,0,45,67_AL_.jpg"
Blade Runner,8.1,"https://m.media-amazon.com/images/M/MV5BNzQzMzJhZTEtOWM4NS00MTdhLTg0YjgtMjM4MDRkZjUwZDBlXkEyXkFqcGdeQXVyNjU0OTQ0OTY@._V1_UY67_CR0,0,45,67_AL_.jpg"
The Bridge on the River Kwai,8.1,"https://m.media-amazon.com/images/M/MV5BMGVhNjhjODktODgxYS00MDdhLTlkZjktYTkyNzQxMTU0ZDYxXkEyXkFqcGdeQXVyNzkwMjQ5NzM@._V1_UX45_CR0,0,45,67_AL_.jpg"
Jurassic Park,8.1,"https://m.media-amazon.com/images/M/MV5BMjM2MDgxMDg0Nl5BMl5BanBnXkFtZTgwNTM2OTM5NDE@._V1_UX45_CR0,0,45,67_AL_.jpg"
The Third Man,8.1,"https://m.media-amazon.com/images/M/MV5BYjE2OTdhMWUtOGJlMy00ZDViLWIzZjgtYjZkZGZmMDZjYmEyXkEyXkFqcGdeQXVyNzkwMjQ5NzM@._V1_UX45_CR0,0,45,67_AL_.jpg"
On the Waterfront,8.1,"https://m.media-amazon.com/images/M/MV5BY2I0MWFiZDMtNWQyYy00Njk5LTk3MDktZjZjNTNmZmVkYjkxXkEyXkFqcGdeQXVyNjc1NTYyMjg@._V1_UX45_CR0,0,45,67_AL_.jpg"
Finding Nemo,8.1,"https://m.media-amazon.com/images/M/MV5BZTAzNWZlNmUtZDEzYi00ZjA5LWIwYjEtZGM1NWE1MjE4YWRhXkEyXkFqcGdeQXVyNjU0OTQ0OTY@._V1_UY67_CR0,0,45,67_AL_.jpg"
Smultronstället,8.1,"https://m.media-amazon.com/images/M/MV5BM2NiYjhmMzctMzliMC00NDBlLWJkYzItZjIwYjYzNDg3OGQzXkEyXkFqcGdeQXVyMzAxNjg3MjQ@._V1_UY67_CR0,0,45,67_AL_.jpg"
Fargo,8.1,"https://m.media-amazon.com/images/M/MV5BNDJiZDgyZjctYmRjMS00ZjdkLTkwMTEtNGU1NDg3NDQ0Yzk1XkEyXkFqcGdeQXVyNzkwMjQ5NzM@._V1_UY67_CR0,0,45,67_AL_.jpg"
Gran Torino,8.1,"https://m.media-amazon.com/images/M/MV5BMTc5NTk2OTU1Nl5BMl5BanBnXkFtZTcwMDc3NjAwMg@@._V1_UY67_CR0,0,45,67_AL_.jpg"
Kill Bill: Vol. 1,8.1,"https://m.media-amazon.com/images/M/MV5BNzM3NDFhYTAtYmU5Mi00NGRmLTljYjgtMDkyODQ4MjNkMGY2XkEyXkFqcGdeQXVyNzkwMjQ5NzM@._V1_UX45_CR0,0,45,67_AL_.jpg"
Andhadhun,8.1,"https://m.media-amazon.com/images/M/MV5BZWZhMjhhZmYtOTIzOC00MGYzLWI1OGYtM2ZkN2IxNTI4ZWI3XkEyXkFqcGdeQXVyNDAzNDk0MTQ@._V1_UY67_CR0,0,45,67_AL_.jpg"
The Deer Hunter,8.1,"https://m.media-amazon.com/images/M/MV5BNDhmNTA0ZDMtYjhkNS00NzEzLWIzYTItOGNkMTVmYjE2YmI3XkEyXkFqcGdeQXVyNzkwMjQ5NzM@._V1_UY67_CR0,0,45,67_AL_.jpg"
Tôkyô monogatari,8.1,"https://m.media-amazon.com/images/M/MV5BYWQ4ZTRiODktNjAzZC00Nzg1LTk1YWQtNDFmNDI0NmZiNGIwXkEyXkFqcGdeQXVyNzkwMjQ5NzM@._V1_UY67_CR0,0,45,67_AL_.jpg"
Stalker,8.1,"https://m.media-amazon.com/images/M/MV5BMDgwODNmMGItMDcwYi00OWZjLTgyZjAtMGYwMmI4N2Q0NmJmXkEyXkFqcGdeQXVyNzY1MTU0Njk@._V1_UY67_CR1,0,45,67_AL_.jpg"
The Truman Show,8.1,"https://m.media-amazon.com/images/M/MV5BMDIzODcyY2EtMmY2MC00ZWVlLTgwMzAtMjQwOWUyNmJjNTYyXkEyXkFqcGdeQXVyNDk3NzU2MTQ@._V1_UY67_CR0,0,45,67_AL_.jpg"
Eskiya,8.1,"https://m.media-amazon.com/images/M/MV5BOGQ4ZjFmYjktOGNkNS00OWYyLWIyZjgtMGJjM2U1ZTA0ZTlhXkEyXkFqcGdeQXVyNTA4NzY1MzY@._V1_UY67_CR1,0,45,67_AL_.jpg"
Relatos salvajes,8.1,"https://m.media-amazon.com/images/M/MV5BNGQzY2Y0MTgtMDA4OC00NjM3LWI0ZGQtNTJlM2UxZDQxZjI0XkEyXkFqcGdeQXVyNDUzOTQ5MjY@._V1_UY67_CR1,0,45,67_AL_.jpg"
The Big Lebowski,8.1,"https://m.media-amazon.com/images/M/MV5BMTQ0NjUzMDMyOF5BMl5BanBnXkFtZTgwODA1OTU0MDE@._V1_UX45_CR0,0,45,67_AL_.jpg"
Mary and Max,8.1,"https://m.media-amazon.com/images/M/MV5BMDgzYjQwMDMtNGUzYi00MTRmLWIyMGMtNjE1OGZkNzY2YWIzL2ltYWdlXkEyXkFqcGdeQXVyNjU0OTQ0OTY@._V1_UY67_CR1,0,45,67_AL_.jpg"
Klaus,8.1,"https://m.media-amazon.com/images/M/MV5BMWYwOThjM2ItZGYxNy00NTQwLWFlZWEtM2MzM2Q5MmY3NDU5XkEyXkFqcGdeQXVyMTkxNjUyNQ@@._V1_UY67_CR0,0,45,67_AL_.jpg"
Salinui chueok,8.1,"https://m.media-amazon.com/images/M/MV5BMzhlNGJhYzUtZTNiMi00MjI0LWFjN2MtOTVlN2IxODVkZWVkXkEyXkFqcGdeQXVyMTMxODk2OTU@._V1_UY67_CR0,0,45,67_AL_.jpg"
In the Name of the Father,8.1,"https://m.media-amazon.com/images/M/MV5BMmYyOTgwYWItYmU3Ny00M2E2LTk0NWMtMDVlNmQ0MWZiMTMxXkEyXkFqcGdeQXVyNzkwMjQ5NzM@._V1_UX45_CR0,0,45,67_AL_.jpg"
Gone Girl,8.1,"https://m.media-amazon.com/images/M/MV5BMTk0MDQ3MzAzOV5BMl5BanBnXkFtZTgwNzU1NzE3MjE@._V1_UY67_CR0,0,45,67_AL_.jpg"
Hacksaw Ridge,8.1,"https://m.media-amazon.com/images/M/MV5BMjQ1NjM3MTUxNV5BMl5BanBnXkFtZTgwMDc5MTY5OTE@._V1_UX45_CR0,0,45,67_AL_.jpg"
Mr. Smith Goes to Washington,8.1,"https://m.media-amazon.com/images/M/MV5BZTYwYjYxYzgtMDE1Ni00NzU4LWJlMTEtODQ5YmJmMGJhZjI5L2ltYWdlXkEyXkFqcGdeQXVyMDI2NDg0NQ@@._V1_UX45_CR0,0,45,67_AL_.jpg"
The Grand Budapest Hotel,8.1,"https://m.media-amazon.com/images/M/MV5BMzM5NjUxOTEyMl5BMl5BanBnXkFtZTgwNjEyMDM0MDE@._V1_UY67_CR0,0,45,67_AL_.jpg"
How to Train Your Dragon,8.1,"https://m.media-amazon.com/images/M/MV5BMjA5NDQyMjc2NF5BMl5BanBnXkFtZTcwMjg5ODcyMw@@._V1_UY67_CR0,0,45,67_AL_.jpg"
The General,8.1,"https://m.media-amazon.com/images/M/MV5BYmRiMDFlYjYtOTMwYy00OGY2LWE0Y2QtYzQxOGNhZmUwNTIxXkEyXkFqcGdeQXVyNzkwMjQ5NzM@._V1_UY67_CR0,0,45,67_AL_.jpg"
Sherlock Jr.,8.1,"https://m.media-amazon.com/images/M/MV5BZWFhOGU5NDctY2Q3YS00Y2VlLWI1NzEtZmIwY2ZiZjY4OTA2XkEyXkFqcGdeQXVyMDI2NDg0NQ@@._V1_UX45_CR0,0,45,67_AL_.jpg"
Before Sunrise,8.1,"https://m.media-amazon.com/images/M/MV5BZDdiZTAwYzAtMDI3Ni00OTRjLTkzN2UtMGE3MDMyZmU4NTU4XkEyXkFqcGdeQXVyNjU0OTQ0OTY@._V1_UY67_CR0,0,45,67_AL_.jpg"
Persona,8.1,"https://m.media-amazon.com/images/M/MV5BYzI1ZjUwYmEtNWNmNS00NjgyLTlhNmUtNjA2YmFhYmIyMzVkXkEyXkFqcGdeQXVyMTA2ODMzMDU@._V1_UY67_CR1,0,45,67_AL_.jpg"
Catch Me If You Can,8.1,"https://m.media-amazon.com/images/M/MV5BMTY5MzYzNjc5NV5BMl5BanBnXkFtZTYwNTUyNTc2._V1_UY67_CR0,0,45,67_AL_.jpg"
Prisoners,8.1,"https://m.media-amazon.com/images/M/MV5BMTg0NTIzMjQ1NV5BMl5BanBnXkFtZTcwNDc3MzM5OQ@@._V1_UY67_CR0,0,45,67_AL_.jpg"
12 Years a Slave,8.1,"https://m.media-amazon.com/images/M/MV5BMjExMTEzODkyN15BMl5BanBnXkFtZTcwNTU4NTc4OQ@@._V1_UY67_CR0,0,45,67_AL_.jpg"
Cool Hand Luke,8.1,"https://m.media-amazon.com/images/M/MV5BOWFlNzZhYmYtYTI5YS00MDQyLWIyNTUtNTRjMWUwNTEzNjA0XkEyXkFqcGdeQXVyNjUwNzk3NDc@._V1_UX45_CR0,0,45,67_AL_.jpg"
Into the Wild,8.1,"https://m.media-amazon.com/images/M/MV5BMTAwNDEyODU1MjheQTJeQWpwZ15BbWU2MDc3NDQwNw@@._V1_UY67_CR0,0,45,67_AL_.jpg"
Le salaire de la peur,8.1,"https://m.media-amazon.com/images/M/MV5BZDdkNzMwZmUtY2Q5MS00ZmM2LWJhYjItYTBjMWY0MGM4MDRjXkEyXkFqcGdeQXVyNTA4NzY1MzY@._V1_UY67_CR0,0,45,67_AL_.jpg"
Network,8.1,"https://m.media-amazon.com/images/M/MV5BNmFiOWY3ZTktOTYwNy00ZTUzLTk0ODQtNzIxMzQ0ZDFjMTgyXkEyXkFqcGdeQXVyNTc1NTQxODI@._V1_UY67_CR0,0,45,67_AL_.jpg"
Stand by Me,8.1,"https://m.media-amazon.com/images/M/MV5BODJmY2Y2OGQtMDg2My00N2Q3LWJmZTUtYTc2ODBjZDVlNDlhXkEyXkFqcGdeQXVyMTQxNzMzNDI@._V1_UX45_CR0,0,45,67_AL_.jpg"
Mad Max: Fury Road,8.1,"https://m.media-amazon.com/images/M/MV5BN2EwM2I5OWMtMGQyMi00Zjg1LWJkNTctZTdjYTA4OGUwZjMyXkEyXkFqcGdeQXVyMTMxODk2OTU@._V1_UY67_CR0,0,45,67_AL_.jpg"
Life of Brian,8.1,"https://m.media-amazon.com/images/M/MV5BMzAwNjU1OTktYjY3Mi00NDY5LWFlZWUtZjhjNGE0OTkwZDkwXkEyXkFqcGdeQXVyMTQxNzMzNDI@._V1_UX45_CR0,0,45,67_AL_.jpg"
Barry Lyndon,8.1,"https://m.media-amazon.com/images/M/MV5BNmY0MWY2NDctZDdmMi00MjA1LTk0ZTQtZDMyZTQ1NTNlYzVjXkEyXkFqcGdeQXVyMjUzOTY1NTc@._V1_UX45_CR0,0,45,67_AL_.jpg"
Platoon,8.1,"https://m.media-amazon.com/images/M/MV5BM2Y1NTQyNWYtNDViNy00ZWRhLTk3MTMtOTI3ZGQ5MDFiNWM4XkEyXkFqcGdeQXVyNzkwMjQ5NzM@._V1_UX45_CR0,0,45,67_AL_.jpg"
Million Dollar Baby,8.1,"https://m.media-amazon.com/images/M/MV5BMTkxNzA1NDQxOV5BMl5BanBnXkFtZTcwNTkyMTIzMw@@._V1_UY67_CR0,0,45,67_AL_.jpg"
Hachi: A Dog's Tale,8.1,"https://m.media-amazon.com/images/M/MV5BNzE4NDg5OWMtMzg3NC00ZDRjLTllMDMtZTRjNWZmNjBmMGZlXkEyXkFqcGdeQXVyMTMxODk2OTU@._V1_UY67_CR1,0,45,67_AL_.jpg"
Rush,8.1,"https://m.media-amazon.com/images/M/MV5BOWEwODJmZDItYTNmZC00OGM4LThlNDktOTQzZjIzMGQxODA4XkEyXkFqcGdeQXVyNjU0OTQ0OTY@._V1_UY67_CR0,0,45,67_AL_.jpg"
La passion de Jeanne d'Arc,8.1,"https://m.media-amazon.com/images/M/MV5BNjBjNDJiYTUtOWY0OS00OGVmLTg2YzctMTE0NzVhODM1ZWJmXkEyXkFqcGdeQXVyNjU0OTQ0OTY@._V1_UX45_CR0,0,45,67_AL_.jpg"
Logan,8.1,"https://m.media-amazon.com/images/M/MV5BYzc5MTU4N2EtYTkyMi00NjdhLTg3NWEtMTY4OTEyMzJhZTAzXkEyXkFqcGdeQXVyNjc1NTYyMjg@._V1_UX45_CR0,0,45,67_AL_.jpg"
Ben-Hur,8.1,"https://m.media-amazon.com/images/M/MV5BNjgxY2JiZDYtZmMwOC00ZmJjLWJmODUtMTNmNWNmYWI5ODkwL2ltYWdlL2ltYWdlXkEyXkFqcGdeQXVyNjc1NTYyMjg@._V1_UX45_CR0,0,45,67_AL_.jpg"
Rang De Basanti,8.0,"https://m.media-amazon.com/images/M/MV5BYThmZDA0YmQtMWJhNy00MDQwLTk0Y2YtMDhmZTE5ZjhlNjliXkEyXkFqcGdeQXVyODE5NzE3OTE@._V1_UY67_CR1,0,45,67_AL_.jpg"
Andrei Rublev,8.0,"https://m.media-amazon.com/images/M/MV5BMjhkN2Q3MzctNzJiOC00OTc5LWIwOWYtNWRiYWUyMDk0MGZiXkEyXkFqcGdeQXVyNTAyODkwOQ@@._V1_UX45_CR0,0,45,67_AL_.jpg"
Kaze no tani no Naushika,8.0,"https://m.media-amazon.com/images/M/MV5BODJiNmUzYmQtZTNhNS00NjY0LThmYjMtOTliOTM1NTdkYzY1XkEyXkFqcGdeQXVyNjU0OTQ0OTY@._V1_UY67_CR1,0,45,67_AL_.jpg"
Harry Potter and the Deathly Hallows: Part 2,8.0,"https://m.media-amazon.com/images/M/MV5BMjIyZGU4YzUtNDkzYi00ZDRhLTljYzctYTMxMDQ4M2E0Y2YxXkEyXkFqcGdeQXVyNTIzOTk5ODM@._V1_UX45_CR0,0,45,67_AL_.jpg"
Les quatre cents coups,8.0,"https://m.media-amazon.com/images/M/MV5BYmU3ZTk0NzgtZWIxNy00YzRkLWFkOTctMDNmMDA1MjYyYjI5XkEyXkFqcGdeQXVyMTMxODk2OTU@._V1_UY67_CR1,0,45,67_AL_.jpg"
Dead Poets Society,8.0,"https://m.media-amazon.com/images/M/MV5BOGYwYWNjMzgtNGU4ZC00NWQ2LWEwZjUtMzE1Zjc3NjY3YTU1XkEyXkFqcGdeQXVyMTQxNzMzNDI@._V1_UY67_CR0,0,45,67_AL_.jpg"
Hotel Rwanda,8.0,"https://m.media-amazon.com/images/M/MV5BZGJjYmIzZmQtNWE4Yy00ZGVmLWJkZGEtMzUzNmQ4ZWFlMjRhXkEyXkFqcGdeQXVyMTMxODk2OTU@._V1_UY67_CR0,0,45,67_AL_.jpg"
Amores perros,8.0,"https://m.media-amazon.com/images/M/MV5BMWJhOTg5MWQtYTJjMi00YmFkLTg4ODgtYmU2YWVhODQ4ZDM3XkEyXkFqcGdeQXVyMTAwMzUyOTc@._V1_UY67_CR0,0,45,67_AL_.jpg"
Spotlight,8.0,"https://m.media-amazon.com/images/M/MV5BMjIyOTM5OTIzNV5BMl5BanBnXkFtZTgwMDkzODE2NjE@._V1_UY67_CR0,0,45,67_AL_.jpg"
Rebecca,8.0,"https://m.media-amazon.com/images/M/MV5BZmEwYTRhYmMtODA0NS00NmMyLThjMTctMTVmZmNlMzg2YjEyXkEyXkFqcGdeQXVyMTMxMTY0OTQ@._V1_UY67_CR1,0,45,67_AL_.jpg"
Rocky,8.0,"https://m.media-amazon.com/images/M/MV5BMTY5MDMzODUyOF5BMl5BanBnXkFtZTcwMTQ3NTMyNA@@._V1_UX45_CR0,0,45,67_AL_.jpg"
Ah-ga-ssi,8.0,"https://m.media-amazon.com/images/M/MV5BNDJhYTk2MTctZmVmOS00OTViLTgxNjQtMzQxOTRiMDdmNGRjXkEyXkFqcGdeQXVyMTMxODk2OTU@._V1_UY67_CR1,0,45,67_AL_.jpg"
The Red Shoes,8.0,"https://m.media-amazon.com/images/M/MV5BOWRmNGEwZjUtZjEwNS00OGZmLThhMmEtZTJlMTU5MGQ3ZWUwXkEyXkFqcGdeQXVyNjc1NTYyMjg@._V1_UY67_CR0,0,45,67_AL_.jpg"
"Monsters, Inc.",8.0,"https://m.media-amazon.com/images/M/MV5BMTY1NTI0ODUyOF5BMl5BanBnXkFtZTgwNTEyNjQ0MDE@._V1_UY67_CR0,0,45,67_AL_.jpg"
Ace in the Hole,8.0,"https://m.media-amazon.com/images/M/MV5BNDUzZjlhZTYtN2E5MS00ODQ3LWI1ZjgtNzdiZmI0NTZiZTljXkEyXkFqcGdeQXVyMjI4MjA5MzA@._V1_UX45_CR0,0,45,67_AL_.jpg"
La haine,8.0,"https://m.media-amazon.com/images/M/MV5BNDNiOTA5YjktY2Q0Ni00ODgzLWE5MWItNGExOWRlYjY2MjBlXkEyXkFqcGdeQXVyNjQ2MjQ5NzM@._V1_UY67_CR1,0,45,67_AL_.jpg"
It Happened One Night,8.0,"https://m.media-amazon.com/images/M/MV5BZmViYmM5OTYtNGQ4Ny00YjQyLThiNjEtYTE4MGZhZTNmZjcyL2ltYWdlL2ltYWdlXkEyXkFqcGdeQXVyNjU0OTQ0OTY@._V1_UX45_CR0,0,45,67_AL_.jpg"
Marriage Story,8.0,"https://m.media-amazon.com/images/M/MV5BZGVmY2RjNDgtMTc3Yy00YmY0LTgwODItYzBjNWJhNTRlYjdkXkEyXkFqcGdeQXVyMjM4NTM5NDY@._V1_UY67_CR0,0,45,67_AL_.jpg"
White Heat,8.0,"https://m.media-amazon.com/images/M/MV5BZmI5NTA3MjItYzdhMi00MWMxLTg3OWMtYWQyYjg5MTFmM2U0L2ltYWdlL2ltYWdlXkEyXkFqcGdeQXVyNjc1NTYyMjg@._V1_UX45_CR0,0,45,67_AL_.jpg"
The Princess Bride,8.0,"https://m.media-amazon.com/images/M/MV5BMGM4M2Q5N2MtNThkZS00NTc1LTk1NTItNWEyZjJjNDRmNDk5XkEyXkFqcGdeQXVyMjA0MDQ0Mjc@._V1_UY67_CR0,0,45,67_AL_.jpg"
Lagaan: Once Upon a Time in India,8.0,"https://m.media-amazon.com/images/M/MV5BNDYxNWUzZmYtOGQxMC00MTdkLTkxOTctYzkyOGIwNWQxZjhmXkEyXkFqcGdeQXVyNjU0OTQ0OTY@._V1_UX45_CR0,0,45,67_AL_.jpg"
Gangs of Wasseypur,8.0,"https://m.media-amazon.com/images/M/MV5BMTc5NjY4MjUwNF5BMl5BanBnXkFtZTgwODM3NzM5MzE@._V1_UY67_CR0,0,45,67_AL_.jpg"
Before Sunset,8.0,"https://m.media-amazon.com/images/M/MV5BMTQ1MjAwNTM5Ml5BMl5BanBnXkFtZTYwNDM0MTc3._V1_UY67_CR0,0,45,67_AL_.jpg"
Faa yeung nin wa,8.0,"https://m.media-amazon.com/images/M/MV5BYTJlMmIwYjAtYWJmYy00YzE2LWE1OTYtZjIyMzg0YWUwOTg4XkEyXkFqcGdeQXVyMTA1NTM1NDI2._V1_UY67_CR4,0,45,67_AL_.jpg"
The Help,8.0,"https://m.media-amazon.com/images/M/MV5BMTM5OTMyMjIxOV5BMl5BanBnXkFtZTcwNzU4MjIwNQ@@._V1_UY67_CR0,0,45,67_AL_.jpg"
The Terminator,8.0,"https://m.media-amazon.com/images/M/MV5BYTViNzMxZjEtZGEwNy00MDNiLWIzNGQtZDY2MjQ1OWViZjFmXkEyXkFqcGdeQXVyNzkwMjQ5NzM@._V1_UX45_CR0,0,45,67_AL_.jpg"
Butch Cassidy and the Sundance Kid,8.0,"https://m.media-amazon.com/images/M/MV5BMTkyMTM2NDk5Nl5BMl5BanBnXkFtZTgwNzY1NzEyMDE@._V1_UY67_CR0,0,45,67_AL_.jpg"
"Paris, Texas",8.0,"https://m.media-amazon.com/images/M/MV5BM2RjMmU3ZWItYzBlMy00ZmJkLWE5YzgtNTVkODdhOWM3NGZhXkEyXkFqcGdeQXVyNDA5Mjg5MjA@._V1_UX45_CR0,0,45,67_AL_.jpg"
PK,8.0,"https://m.media-amazon.com/images/M/MV5BMTYzOTE2NjkxN15BMl5BanBnXkFtZTgwMDgzMTg0MzE@._V1_UY67_CR0,0,45,67_AL_.jpg"
Akira,8.0,"https://m.media-amazon.com/images/M/MV5BM2ZiZTk1ODgtMTZkNS00NTYxLWIxZTUtNWExZGYwZTRjODViXkEyXkFqcGdeQXVyMTE2MzA3MDM@._V1_UY67_CR0,0,45,67_AL_.jpg"
Contratiempo,8.0,"https://m.media-amazon.com/images/M/MV5BMDk0YzAwYjktMWFiZi00Y2FmLWJmMmMtMzUyZDZmMmU5MjkzXkEyXkFqcGdeQXVyMTMxODk2OTU@._V1_UY67_CR1,0,45,67_AL_.jpg"
Aladdin,8.0,"https://m.media-amazon.com/images/M/MV5BY2Q2NDI1MjUtM2Q5ZS00MTFlLWJiYWEtNTZmNjQ3OGJkZDgxXkEyXkFqcGdeQXVyNTI4MjkwNjA@._V1_UY67_CR0,0,45,67_AL_.jpg"
Guardians of the Galaxy,8.0,"https://m.media-amazon.com/images/M/MV5BMTAwMjU5OTgxNjZeQTJeQWpwZ15BbWU4MDUxNDYxODEx._V1_UY67_CR0,0,45,67_AL_.jpg"
"Swades: We, the People",8.0,"https://m.media-amazon.com/images/M/MV5BYzExOTcwNjYtZTljMC00YTQ2LWI2YjYtNWFlYzQ0YTJhNzJmXkEyXkFqcGdeQXVyNjQ2MjQ5NzM@._V1_UY67_CR0,0,45,67_AL_.jpg"
Tenkû no shiro Rapyuta,8.0,"https://m.media-amazon.com/images/M/MV5BNTg0NmI1ZGQtZTUxNC00NTgxLThjMDUtZmRlYmEzM2MwOWYwXkEyXkFqcGdeQXVyMzM4MjM0Nzg@._V1_UY67_CR1,0,45,67_AL_.jpg"
